Algorithm, Epsilon, #A, #B, infile A, infile B, LocalJoin Alg, Fanout, Leaf size, gridSize, Compared #, Compared %, ComparedMax, Duplicates, Results, Selectivity, filtered A, filtered B,t loading, t init, t build, t probe, t comparing, t partition, t join, t total, t deDuplicating, t analyzing, t sorting, t gridCalculate,EmptyCells(%), MaxObj, AveObj, StdObj, repA, repB, max level, gridP robe
TOUCH,5,500,500,../../../data/RawData-segment-object-1M-Dendrites.bin,../../../data/RawData-segment-object-1M-Axons.bin,SGrid,3,100,100,0,0,8600,0,0,0,434,0,0.003,0,0,0.002,0.001,0.002,0,0.018,0,0.001,0.002,0.001,75,61,8.25,20.0047,3,3,0,0.003
cTOUCH,5,500,500,../../../data/RawData-segment-object-1M-Dendrites.bin,../../../data/RawData-segment-object-1M-Axons.bin,SGrid,3,100,100,0,0,0,0,0,0,487,452,0.002,0,0.001,0,0,0.003,0,0.015,0,0,0.003,0.001,82.3529,48,3.58824,11.4021,35,35,0,0.001
dTOUCH,5,500,500,../../../data/RawData-segment-object-1M-Dendrites.bin,../../../data/RawData-segment-object-1M-Axons.bin,SGrid,3,100,100,0,0,6100,0,0,0,500,434,0.003,0,0.001,0,0,0.002,0,0.015,0,0,0.002,0,88.8889,61,6.77778,19.1705,2,2,50,0
reTOUCH,5,500,500,../../../data/RawData-segment-object-1M-Dendrites.bin,../../../data/RawData-segment-object-1M-Axons.bin,SGrid,3,100,100,0,0,924,0,0,0,486,434,0.003,0,0.001,0,0,0.001,0,0.018,0,0,0.001,0.003,100,66,10,21.0832,33,33,0,0.003
rereTOUCH,5,500,500,../../../data/RawData-segment-object-1M-Dendrites.bin,../../../data/RawData-segment-object-1M-Axons.bin,SGrid,3,100,100,0,0,742,0,0,0,486,447,0.003,0,0.001,0,0,0,0,0.014,0,0,0,0.001,187.5,14,8.375,-nan,33,33,0,0.001
TOUCH,5,1000,1000,../../../data/RawData-segment-object-1M-Dendrites.bin,../../../data/RawData-segment-object-1M-Axons.bin,SGrid,3,100,100,0,0,15400,0,0,0,934,0,0.004,0,0.001,0.001,0.001,0.005,0,0.024,0,0,0.005,0,88.2353,55,3.88235,13.0379,3,3,0,0.001
cTOUCH,5,1000,1000,../../../data/RawData-segment-object-1M-Dendrites.bin,../../../data/RawData-segment-object-1M-Axons.bin,SGrid,3,100,100,0,0,1917,0,0,0,328,949,0.006,0,0.001,0.002,0.002,0.012,0,0.05,0,0,0.011,0.003,83.871,607,23.3226,107.235,63,63,0,0.005
dTOUCH,5,1000,1000,../../../data/RawData-segment-object-1M-Dendrites.bin,../../../data/RawData-segment-object-1M-Axons.bin,SGrid,3,100,100,0,0,5500,0,0,0,1000,934,0.003,0,0.001,0,0,0.003,0,0.019,0,0,0.003,0,94.4444,55,3.05556,12.5984,2,2,50,0
reTOUCH,5,1000,1000,../../../data/RawData-segment-object-1M-Dendrites.bin,../../../data/RawData-segment-object-1M-Axons.bin,SGrid,3,100,100,0,0,924,0,0,0,986,934,0.003,0,0.002,0,0,0.001,0,0.017,0,0,0.001,0.001,100,66,4.70588,15.3,69,69,0,0.001
rereTOUCH,5,1000,1000,../../../data/RawData-segment-object-1M-Dendrites.bin,../../../data/RawData-segment-object-1M-Axons.bin,SGrid,3,100,100,0,0,742,0,0,0,986,947,0.006,0,0.002,0,0,0.002,0,0.024,0,0,0.001,0.001,194.118,14,3.94118,-nan,69,69,0,0.001
TOUCH,5,1500,1500,../../../data/RawData-segment-object-1M-Dendrites.bin,../../../data/RawData-segment-object-1M-Axons.bin,SGrid,3,100,100,1486,0.0660444,194700,215,58,0.00257778,1235,0,0.009,0,0.001,0.006,0.005,0.004,0,0.042,0,0,0.004,0.001,73.913,177,11.5217,36.4058,7,7,0,0.007
cTOUCH,5,1500,1500,../../../data/RawData-segment-object-1M-Dendrites.bin,../../../data/RawData-segment-object-1M-Axons.bin,SGrid,3,100,100,1558,0.0692444,5483,215,58,0.00257778,1283,1275,0.004,0,0.003,0.006,0.006,0.008,0,0.045,0,0,0.008,0.001,74.4681,209,9.40426,35.5639,95,95,0,0.007
dTOUCH,5,1500,1500,../../../data/RawData-segment-object-1M-Dendrites.bin,../../../data/RawData-segment-object-1M-Axons.bin,SGrid,3,100,100,1649,0.0732889,66600,194,58,0.00257778,1270,1235,0.003,0,0,0.01,0.009,0.005,0,0.042,0,0.001,0.003,0.001,65.3846,107,12.8846,26.7917,10,10,50,0.011
reTOUCH,5,1500,1500,../../../data/RawData-segment-object-1M-Dendrites.bin,../../../data/RawData-segment-object-1M-Axons.bin,SGrid,3,100,100,1512,0.0672,18239,176,58,0.00257778,1339,1279,0.009,0,0,0.004,0.004,0.001,0,0.038,0,0,0.001,0.001,95.6522,71,16.6087,21.1634,93,93,0,0.005
rereTOUCH,5,1500,1500,../../../data/RawData-segment-object-1M-Dendrites.bin,../../../data/RawData-segment-object-1M-Axons.bin,SGrid,3,100,100,1500,0.0666667,14608,180,58,0.00257778,1339,1347,0.008,0,0.002,0.004,0.004,0.002,0,0.036,0,0,0.002,0.001,178.261,71,13.6522,15.0841,93,93,0,0.005
TOUCH,5,2000,2000,../../../data/RawData-segment-object-1M-Dendrites.bin,../../../data/RawData-segment-object-1M-Axons.bin,SGrid,3,100,100,2712,0.0678,967000,828,158,0.00395,1488,0,0.004,0,0.001,0.01,0.008,0.008,0,0.048,0,0,0.008,0.002,80.6452,472,16.5161,83.2675,7,7,0,0.012
cTOUCH,5,2000,2000,../../../data/RawData-segment-object-1M-Dendrites.bin,../../../data/RawData-segment-object-1M-Axons.bin,SGrid,3,100,100,2556,0.0639,30742,653,158,0.00395,706,1538,0.006,0,0.003,0.009,0.007,0.014,0,0.072,0,0,0.013,0.004,74.1935,837,28.3226,122.227,125,125,0,0.013
dTOUCH,5,2000,2000,../../../data/RawData-segment-object-1M-Dendrites.bin,../../../data/RawData-segment-object-1M-Axons.bin,SGrid,3,100,100,2875,0.071875,209546,697,158,0.00395,1386,1488,0.009,0,0.001,0.011,0.01,0.008,0,0.064,0.002,0,0.008,0,66.6667,287,16.641,50.3238,14,14,50,0.011
reTOUCH,5,2000,2000,../../../data/RawData-segment-object-1M-Dendrites.bin,../../../data/RawData-segment-object-1M-Axons.bin,SGrid,3,100,100,2484,0.0621,73742,828,158,0.00395,1520,1619,0.011,0,0.002,0.007,0.006,0.001,0,0.048,0,0,0.001,0.002,96.7742,127,27.7742,15.2479,125,125,0,0.009
rereTOUCH,5,2000,2000,../../../data/RawData-segment-object-1M-Dendrites.bin,../../../data/RawData-segment-object-1M-Axons.bin,SGrid,3,100,100,2646,0.06615,93688,608,158,0.00395,1520,1648,0.005,0,0.004,0.009,0.007,0.002,0,0.049,0,0.001,0.002,0.002,170.968,231,26.8387,39.0773,125,125,0,0.011
TOUCH,5,2500,2500,../../../data/RawData-segment-object-1M-Dendrites.bin,../../../data/RawData-segment-object-1M-Axons.bin,SGrid,3,100,100,4117,0.065872,720500,1495,262,0.004192,1987,0,0.008,0,0.001,0.013,0.012,0.01,0,0.066,0,0,0.01,0.001,81.5789,229,13.5,48.2258,8,8,0,0.014
cTOUCH,5,2500,2500,../../../data/RawData-segment-object-1M-Dendrites.bin,../../../data/RawData-segment-object-1M-Axons.bin,SGrid,3,100,100,3953,0.063248,47095,1008,262,0.004192,700,2053,0.014,0,0.004,0.012,0.009,0.016,0,0.106,0,0,0.014,0.005,81.5789,1225,29.5658,147.867,153,153,0,0.017
dTOUCH,5,2500,2500,../../../data/RawData-segment-object-1M-Dendrites.bin,../../../data/RawData-segment-object-1M-Axons.bin,SGrid,3,100,100,4009,0.064144,213275,942,262,0.004192,1665,1987,0.009,0,0.001,0.014,0.011,0.008,0,0.07,0,0,0.008,0.003,73.3333,254,21.4,60.1296,13,13,50,0.017
reTOUCH,5,2500,2500,../../../data/RawData-segment-object-1M-Dendrites.bin,../../../data/RawData-segment-object-1M-Axons.bin,SGrid,3,100,100,3787,0.060592,73659,1383,262,0.004192,1885,2114,0.01,0,0.003,0.01,0.01,0.003,0,0.058,0,0,0.002,0.002,94.7368,85,26.3421,-nan,153,153,0,0.012
rereTOUCH,5,2500,2500,../../../data/RawData-segment-object-1M-Dendrites.bin,../../../data/RawData-segment-object-1M-Axons.bin,SGrid,3,100,100,3627,0.058032,80751,855,262,0.004192,1885,2137,0.006,0,0.004,0.012,0.012,0.002,0,0.056,0,0,0.002,0.003,168.421,170,25.7368,35.4955,153,153,0,0.015
TOUCH,5,3000,3000,../../../data/RawData-segment-object-1M-Dendrites.bin,../../../data/RawData-segment-object-1M-Axons.bin,SGrid,3,100,100,4309,0.0478778,1165700,1549,276,0.00306667,2507,0,0.01,0,0.001,0.013,0.012,0.009,0,0.07,0,0,0.009,0.001,89.3617,409,10.4894,59.5122,6,6,0,0.014
cTOUCH,5,3000,3000,../../../data/RawData-segment-object-1M-Dendrites.bin,../../../data/RawData-segment-object-1M-Axons.bin,SGrid,3,100,100,4971,0.0552333,48297,1299,276,0.00306667,1266,2512,0.013,0,0.005,0.015,0.011,0.021,0,0.118,0,0,0.019,0.004,78.022,860,24.4176,108.877,183,183,0,0.019
dTOUCH,5,3000,3000,../../../data/RawData-segment-object-1M-Dendrites.bin,../../../data/RawData-segment-object-1M-Axons.bin,SGrid,3,100,100,4823,0.0535889,294226,1109,276,0.00306667,2119,2507,0.008,0,0.001,0.015,0.015,0.014,0,0.083,0,0,0.012,0,83.6364,320,17.1455,59.9677,10,10,50,0.015
reTOUCH,5,3000,3000,../../../data/RawData-segment-object-1M-Dendrites.bin,../../../data/RawData-segment-object-1M-Axons.bin,SGrid,3,100,100,4304,0.0478222,87894,1549,276,0.00306667,2296,2598,0.016,0,0.003,0.011,0.011,0.002,0,0.07,0,0,0.002,0.002,95.7447,134,23.5319,13.3063,189,189,0,0.013
rereTOUCH,5,3000,3000,../../../data/RawData-segment-object-1M-Dendrites.bin,../../../data/RawData-segment-object-1M-Axons.bin,SGrid,3,100,100,4727,0.0525222,98114,1060,276,0.00306667,2296,2659,0.007,0.001,0.004,0.014,0.014,0.002,0,0.06,0,0,0.002,0.003,178.723,246,22.234,45.1019,189,189,0,0.017
TOUCH,5,3500,3500,../../../data/RawData-segment-object-1M-Dendrites.bin,../../../data/RawData-segment-object-1M-Axons.bin,SGrid,3,100,100,4345,0.0354694,607700,1358,302,0.00246531,2995,0,0.013,0,0.002,0.015,0.015,0.013,0,0.09,0,0,0.013,0,83.3333,252,9.35185,37.8233,10,10,0,0.015
cTOUCH,5,3500,3500,../../../data/RawData-segment-object-1M-Dendrites.bin,../../../data/RawData-segment-object-1M-Axons.bin,SGrid,3,100,100,4872,0.0397714,32630,1109,302,0.00246531,688,3013,0.012,0,0.006,0.015,0.013,0.022,0,0.127,0,0,0.02,0.007,79.2453,1208,31.1226,149.43,213,213,0,0.022
dTOUCH,5,3500,3500,../../../data/RawData-segment-object-1M-Dendrites.bin,../../../data/RawData-segment-object-1M-Axons.bin,SGrid,3,100,100,5145,0.042,264900,1010,302,0.00246531,2519,2995,0.016,0,0.002,0.017,0.016,0.01,0,0.095,0,0,0.009,0.001,78.6885,374,18.9836,63.9389,14,14,50,0.018
reTOUCH,5,3500,3500,../../../data/RawData-segment-object-1M-Dendrites.bin,../../../data/RawData-segment-object-1M-Axons.bin,SGrid,3,100,100,4166,0.0340082,87843,1356,302,0.00246531,2609,3114,0.014,0,0.005,0.011,0.011,0.003,0,0.075,0,0,0.002,0.002,96.2963,85,23.6481,-nan,217,217,0,0.013
rereTOUCH,5,3500,3500,../../../data/RawData-segment-object-1M-Dendrites.bin,../../../data/RawData-segment-object-1M-Axons.bin,SGrid,3,100,100,4505,0.0367755,84892,995,302,0.00246531,2609,3156,0.01,0,0.004,0.012,0.01,0.003,0,0.067,0,0,0.002,0.002,174.074,223,22.8704,47.8439,217,217,0,0.014
TOUCH,5,4000,4000,../../../data/RawData-segment-object-1M-Dendrites.bin,../../../data/RawData-segment-object-1M-Axons.bin,SGrid,3,100,100,4409,0.0275563,1370300,1171,305,0.00190625,3320,0,0.012,0,0.002,0.016,0.014,0.014,0,0.09,0.002,0,0.013,0.001,90.3226,200,10.9677,37.8827,7,7,0,0.017
cTOUCH,5,4000,4000,../../../data/RawData-segment-object-1M-Dendrites.bin,../../../data/RawData-segment-object-1M-Axons.bin,SGrid,3,100,100,5133,0.0320812,61930,933,305,0.00190625,1275,3304,0.013,0,0.007,0.017,0.014,0.025,0,0.141,0,0,0.022,0.007,85,1901,28.5083,183.67,241,241,0,0.024
dTOUCH,5,4000,4000,../../../data/RawData-segment-object-1M-Dendrites.bin,../../../data/RawData-segment-object-1M-Axons.bin,SGrid,3,100,100,5958,0.0372375,778436,948,305,0.00190625,1592,3320,0.009,0,0.001,0.021,0.019,0.014,0,0.102,0,0,0.013,0.002,80.2817,1040,36.3944,163.073,15,15,50,0.023
reTOUCH,5,4000,4000,../../../data/RawData-segment-object-1M-Dendrites.bin,../../../data/RawData-segment-object-1M-Axons.bin,SGrid,3,100,100,4063,0.0253937,90895,1171,305,0.00190625,3159,3313,0.017,0,0.004,0.012,0.011,0.003,0,0.08,0,0.001,0.002,0.002,96.7742,143,24.6452,15.0468,249,249,0,0.014
rereTOUCH,5,4000,4000,../../../data/RawData-segment-object-1M-Dendrites.bin,../../../data/RawData-segment-object-1M-Axons.bin,SGrid,3,100,100,5731,0.0358188,85164,887,305,0.00190625,3159,3634,0.013,0,0.004,0.016,0.015,0.003,0,0.078,0,0,0.002,0.002,183.871,283,19.4677,45.9331,249,249,0,0.018
TOUCH,5,4500,4500,../../../data/RawData-segment-object-1M-Dendrites.bin,../../../data/RawData-segment-object-1M-Axons.bin,SGrid,3,100,100,4850,0.0239506,2618500,1416,305,0.00150617,3649,0,0.013,0,0.002,0.019,0.017,0.017,0,0.102,0.002,0,0.016,0.001,91.1765,452,12.5147,59.6752,7,7,0,0.02
cTOUCH,5,4500,4500,../../../data/RawData-segment-object-1M-Dendrites.bin,../../../data/RawData-segment-object-1M-Axons.bin,SGrid,3,100,100,4888,0.0241383,35746,1089,305,0.00150617,2257,3953,0.016,0,0.007,0.015,0.011,0.029,0,0.145,0,0,0.026,0.005,85.4015,1710,20.365,148.676,275,275,0,0.02
dTOUCH,5,4500,4500,../../../data/RawData-segment-object-1M-Dendrites.bin,../../../data/RawData-segment-object-1M-Axons.bin,SGrid,3,100,100,5636,0.0278321,1785112,787,305,0.00150617,1840,3649,0.015,0,0.002,0.023,0.019,0.016,0,0.122,0,0,0.015,0.003,84.8101,2365,35.7342,265.002,13,13,50,0.026
reTOUCH,5,4500,4500,../../../data/RawData-segment-object-1M-Dendrites.bin,../../../data/RawData-segment-object-1M-Axons.bin,SGrid,3,100,100,4657,0.0229975,87136,1416,305,0.00150617,3668,3784,0.016,0,0.004,0.013,0.012,0.003,0,0.08,0,0,0.002,0.003,98.5294,120,22.7647,14.4519,273,273,0,0.016
rereTOUCH,5,4500,4500,../../../data/RawData-segment-object-1M-Dendrites.bin,../../../data/RawData-segment-object-1M-Axons.bin,SGrid,3,100,100,4791,0.0236593,88392,769,305,0.00150617,3668,4127,0.011,0,0.006,0.013,0.012,0.004,0,0.076,0,0,0.003,0.002,182.353,277,17.7206,41.1791,273,273,0,0.015
TOUCH,5,5000,5000,../../../data/RawData-segment-object-1M-Dendrites.bin,../../../data/RawData-segment-object-1M-Axons.bin,SGrid,3,100,100,4785,0.01914,2017000,1159,305,0.00122,4316,0,0.016,0,0.002,0.016,0.015,0.014,0,0.098,0,0,0.013,0.001,92.1053,288,9,40.5576,7,7,0,0.017
cTOUCH,5,5000,5000,../../../data/RawData-segment-object-1M-Dendrites.bin,../../../data/RawData-segment-object-1M-Axons.bin,SGrid,3,100,100,5293,0.021172,23438,1167,305,0.00122,2820,4464,0.018,0,0.007,0.015,0.013,0.032,0,0.153,0,0,0.03,0.004,81.6993,1656,17.7516,135.195,307,307,0,0.019
dTOUCH,5,5000,5000,../../../data/RawData-segment-object-1M-Dendrites.bin,../../../data/RawData-segment-object-1M-Axons.bin,SGrid,3,100,100,6444,0.025776,1328173,919,305,0.00122,2587,4316,0.021,0,0.003,0.021,0.018,0.015,0,0.131,0,0,0.015,0.003,84.7059,2308,30.3059,248.726,14,14,50,0.024
reTOUCH,5,5000,5000,../../../data/RawData-segment-object-1M-Dendrites.bin,../../../data/RawData-segment-object-1M-Axons.bin,SGrid,3,100,100,4528,0.018112,106147,1159,305,0.00122,4084,4274,0.016,0,0.005,0.012,0.009,0.003,0,0.08,0,0,0.002,0.003,98.6842,153,21.6053,17.2978,305,305,0,0.015
rereTOUCH,5,5000,5000,../../../data/RawData-segment-object-1M-Dendrites.bin,../../../data/RawData-segment-object-1M-Axons.bin,SGrid,3,100,100,5473,0.021892,104716,958,305,0.00122,4084,4640,0.017,0,0.006,0.015,0.012,0.003,0,0.086,0,0,0.003,0.002,181.579,352,16.7895,45.2779,305,305,0,0.017
TOUCH,5,5500,5500,../../../data/RawData-segment-object-1M-Dendrites.bin,../../../data/RawData-segment-object-1M-Axons.bin,SGrid,3,100,100,5231,0.0172926,5070700,1321,332,0.00109752,4323,0,0.015,0,0.002,0.018,0.015,0.018,0,0.107,0.002,0,0.017,0.002,90.5882,824,13.8471,90.9622,9,9,0,0.02
cTOUCH,5,5500,5500,../../../data/RawData-segment-object-1M-Dendrites.bin,../../../data/RawData-segment-object-1M-Axons.bin,SGrid,3,100,100,6245,0.0206446,499691,1136,332,0.00109752,1291,4639,0.016,0,0.009,0.023,0.019,0.036,0,0.184,0,0,0.033,0.008,85.119,3953,30.1786,305.463,337,337,0,0.031
dTOUCH,5,5500,5500,../../../data/RawData-segment-object-1M-Dendrites.bin,../../../data/RawData-segment-object-1M-Axons.bin,SGrid,3,100,100,7250,0.0239669,2608400,993,332,0.00109752,1964,4323,0.016,0,0.003,0.026,0.022,0.019,0,0.136,0,0,0.018,0.004,82.5243,2751,35.6699,270.875,19,19,50,0.03
reTOUCH,5,5500,5500,../../../data/RawData-segment-object-1M-Dendrites.bin,../../../data/RawData-segment-object-1M-Axons.bin,SGrid,3,100,100,5153,0.0170347,174598,1321,332,0.00109752,3861,4524,0.017,0,0.006,0.015,0.014,0.003,0,0.09,0,0,0.002,0.004,96.4706,217,30.7647,19.5006,341,341,0,0.019
rereTOUCH,5,5500,5500,../../../data/RawData-segment-object-1M-Dendrites.bin,../../../data/RawData-segment-object-1M-Axons.bin,SGrid,3,100,100,6177,0.0204198,169897,868,332,0.00109752,3861,4834,0.021,0,0.006,0.018,0.017,0.004,0,0.104,0,0,0.003,0.003,177.647,325,27.1176,54.2213,341,341,0,0.021
TOUCH,5,6000,6000,../../../data/RawData-segment-object-1M-Dendrites.bin,../../../data/RawData-segment-object-1M-Axons.bin,SGrid,3,100,100,5458,0.0151611,4361200,1328,335,0.000930556,4915,0,0.019,0,0.002,0.021,0.017,0.02,0,0.125,0,0,0.019,0.004,85.7143,645,11.9231,69.6079,14,14,0,0.025
cTOUCH,5,6000,6000,../../../data/RawData-segment-object-1M-Dendrites.bin,../../../data/RawData-segment-object-1M-Axons.bin,SGrid,3,100,100,6478,0.0179944,605150,943,335,0.000930556,1276,4856,0.015,0,0.01,0.023,0.018,0.041,0,0.196,0,0,0.038,0.009,88.4615,2892,32.2418,229.688,365,365,0,0.032
dTOUCH,5,6000,6000,../../../data/RawData-segment-object-1M-Dendrites.bin,../../../data/RawData-segment-object-1M-Axons.bin,SGrid,3,100,100,7504,0.0208444,3315068,996,335,0.000930556,907,4915,0.017,0,0.002,0.029,0.022,0.021,0,0.149,0,0,0.02,0.007,80.5825,3494,52.2233,353.916,21,21,50,0.036
reTOUCH,5,6000,6000,../../../data/RawData-segment-object-1M-Dendrites.bin,../../../data/RawData-segment-object-1M-Axons.bin,SGrid,3,100,100,5239,0.0145528,187435,1328,335,0.000930556,4161,4961,0.016,0,0.007,0.015,0.014,0.005,0,0.095,0,0,0.004,0.004,96.7033,217,31.6264,14.2309,365,365,0,0.019
rereTOUCH,5,6000,6000,../../../data/RawData-segment-object-1M-Dendrites.bin,../../../data/RawData-segment-object-1M-Axons.bin,SGrid,3,100,100,6432,0.0178667,182878,973,335,0.000930556,4161,5292,0.018,0.001,0.006,0.019,0.016,0.004,0,0.102,0,0,0.003,0.004,174.725,325,27.989,54.6995,365,365,0,0.023
TOUCH,5,6500,6500,../../../data/RawData-segment-object-1M-Dendrites.bin,../../../data/RawData-segment-object-1M-Axons.bin,SGrid,3,100,100,6000,0.0142012,5252100,1377,348,0.000823669,4987,0,0.018,0,0.003,0.021,0.018,0.019,0,0.126,0.001,0,0.018,0.002,90.9091,500,15.2828,74.8948,10,10,0,0.023
cTOUCH,5,6500,6500,../../../data/RawData-segment-object-1M-Dendrites.bin,../../../data/RawData-segment-object-1M-Axons.bin,SGrid,3,100,100,7161,0.0169491,148069,973,348,0.000823669,1915,5487,0.02,0,0.011,0.025,0.022,0.043,0,0.218,0,0,0.039,0.008,88.3249,2869,28.4162,221.065,395,395,0,0.033
dTOUCH,5,6500,6500,../../../data/RawData-segment-object-1M-Dendrites.bin,../../../data/RawData-segment-object-1M-Axons.bin,SGrid,3,100,100,7975,0.0188757,5307660,991,348,0.000823669,1414,4987,0.018,0,0.004,0.036,0.027,0.024,0,0.174,0,0,0.024,0.008,86.6667,3780,44.8083,347.387,17,17,50,0.044
reTOUCH,5,6500,6500,../../../data/RawData-segment-object-1M-Dendrites.bin,../../../data/RawData-segment-object-1M-Axons.bin,SGrid,3,100,100,5488,0.0129893,317586,1291,348,0.000823669,2994,5272,0.021,0,0.007,0.015,0.015,0.004,0,0.113,0,0,0.003,0.008,98.9899,133,47.8182,-nan,397,397,0,0.023
rereTOUCH,5,6500,6500,../../../data/RawData-segment-object-1M-Dendrites.bin,../../../data/RawData-segment-object-1M-Axons.bin,SGrid,3,100,100,7333,0.0173562,339786,1022,348,0.000823669,2994,5771,0.025,0,0.008,0.024,0.021,0.004,0,0.137,0,0,0.003,0.006,182.828,1563,42.7778,165.785,397,397,0,0.03
TOUCH,5,7000,7000,../../../data/RawData-segment-object-1M-Dendrites.bin,../../../data/RawData-segment-object-1M-Axons.bin,SGrid,3,100,100,5672,0.0115755,5687100,1195,363,0.000740816,5689,0,0.022,0,0.003,0.021,0.018,0.021,0,0.139,0,0,0.02,0.003,90.566,660,12.3679,71.1055,11,11,0,0.024
cTOUCH,5,7000,7000,../../../data/RawData-segment-object-1M-Dendrites.bin,../../../data/RawData-segment-object-1M-Axons.bin,SGrid,3,100,100,6931,0.0141449,115187,994,363,0.000740816,1748,5685,0.021,0,0.012,0.025,0.017,0.044,0,0.224,0,0,0.04,0.009,86.7925,2777,30.9764,213.287,425,425,0,0.034
dTOUCH,5,7000,7000,../../../data/RawData-segment-object-1M-Dendrites.bin,../../../data/RawData-segment-object-1M-Axons.bin,SGrid,3,100,100,8148,0.0166286,4866409,1029,363,0.000740816,1094,5689,0.02,0,0.003,0.035,0.027,0.025,0,0.176,0,0,0.023,0.008,85.6,3583,48.912,332.412,19,19,50,0.043
reTOUCH,5,7000,7000,../../../data/RawData-segment-object-1M-Dendrites.bin,../../../data/RawData-segment-object-1M-Axons.bin,SGrid,3,100,100,5334,0.0108857,393929,1139,363,0.000740816,3102,5782,0.02,0,0.007,0.021,0.02,0.005,0,0.128,0,0,0.004,0.009,99.0566,152,48.2642,-nan,425,425,0,0.03
rereTOUCH,5,7000,7000,../../../data/RawData-segment-object-1M-Dendrites.bin,../../../data/RawData-segment-object-1M-Axons.bin,SGrid,3,100,100,7106,0.014502,526498,1093,363,0.000740816,3102,6011,0.021,0,0.008,0.024,0.023,0.004,0,0.134,0,0,0.003,0.007,182.075,1807,46.1038,184.636,425,425,0,0.031
TOUCH,5,7500,7500,../../../data/RawData-segment-object-1M-Dendrites.bin,../../../data/RawData-segment-object-1M-Axons.bin,SGrid,3,100,100,6841,0.0121618,9778600,1498,416,0.000739556,5956,0,0.022,0,0.004,0.023,0.021,0.022,0,0.144,0,0,0.022,0.002,93.8053,1283,13.6637,120.526,8,8,0,0.025
cTOUCH,5,7500,7500,../../../data/RawData-segment-object-1M-Dendrites.bin,../../../data/RawData-segment-object-1M-Axons.bin,SGrid,3,100,100,7836,0.0139307,411654,1165,416,0.000739556,2138,6472,0.022,0,0.012,0.029,0.019,0.049,0,0.247,0,0.001,0.046,0.009,85.3982,2183,28.2743,169.62,453,453,0,0.038
dTOUCH,5,7500,7500,../../../data/RawData-segment-object-1M-Dendrites.bin,../../../data/RawData-segment-object-1M-Axons.bin,SGrid,3,100,100,9515,0.0169156,6293832,1136,416,0.000739556,1348,5956,0.024,0,0.004,0.034,0.027,0.026,0,0.188,0,0,0.025,0.007,88.8889,3926,47.0519,351.066,16,16,50,0.041
reTOUCH,5,7500,7500,../../../data/RawData-segment-object-1M-Dendrites.bin,../../../data/RawData-segment-object-1M-Axons.bin,SGrid,3,100,100,5959,0.0105938,408105,1398,416,0.000739556,3185,6292,0.022,0,0.008,0.015,0.014,0.005,0,0.12,0,0,0.004,0.008,99.115,152,48.8761,-nan,453,453,0,0.023
rereTOUCH,5,7500,7500,../../../data/RawData-segment-object-1M-Dendrites.bin,../../../data/RawData-segment-object-1M-Axons.bin,SGrid,3,100,100,7891,0.0140284,536203,1281,416,0.000739556,3185,6520,0.025,0,0.009,0.027,0.026,0.005,0,0.151,0,0,0.004,0.008,182.301,1807,46.8584,182.16,453,453,0,0.035
TOUCH,5,8000,8000,../../../data/RawData-segment-object-1M-Dendrites.bin,../../../data/RawData-segment-object-1M-Axons.bin,SGrid,3,100,100,6556,0.0102437,7039200,1372,416,0.00065,6409,0,0.024,0,0.004,0.024,0.022,0.024,0,0.155,0,0,0.023,0.002,90.8333,697,13.2583,72.4996,12,12,0,0.026
cTOUCH,5,8000,8000,../../../data/RawData-segment-object-1M-Dendrites.bin,../../../data/RawData-segment-object-1M-Axons.bin,SGrid,3,100,100,7738,0.0120906,860055,1267,416,0.00065,2162,6908,0.025,0,0.013,0.03,0.025,0.055,0,0.271,0,0,0.05,0.011,85.4772,2098,28.7552,189.521,483,483,0,0.041
dTOUCH,5,8000,8000,../../../data/RawData-segment-object-1M-Dendrites.bin,../../../data/RawData-segment-object-1M-Axons.bin,SGrid,3,100,100,9271,0.0144859,6630867,1124,416,0.00065,1296,6409,0.026,0,0.004,0.037,0.031,0.027,0,0.201,0,0,0.026,0.006,87.234,4177,49.8156,368.538,19,19,50,0.043
reTOUCH,5,8000,8000,../../../data/RawData-segment-object-1M-Dendrites.bin,../../../data/RawData-segment-object-1M-Axons.bin,SGrid,3,100,100,6288,0.009825,517555,1372,416,0.00065,3249,6738,0.026,0,0.009,0.019,0.019,0.006,0,0.142,0,0,0.005,0.01,98.3333,115,50.1083,-nan,481,481,0,0.029
rereTOUCH,5,8000,8000,../../../data/RawData-segment-object-1M-Dendrites.bin,../../../data/RawData-segment-object-1M-Axons.bin,SGrid,3,100,100,8454,0.0132094,646604,1106,416,0.00065,3249,6979,0.021,0,0.01,0.031,0.028,0.006,0,0.154,0,0,0.004,0.008,180.833,1742,48.1,178.889,481,481,0,0.039
TOUCH,5,8500,8500,../../../data/RawData-segment-object-1M-Dendrites.bin,../../../data/RawData-segment-object-1M-Axons.bin,SGrid,3,100,100,6083,0.00841938,8076400,1185,416,0.000575779,7160,0,0.024,0,0.004,0.023,0.021,0.026,0,0.156,0,0,0.025,0.002,91.6031,928,10.229,82.1965,12,12,0,0.025
cTOUCH,5,8500,8500,../../../data/RawData-segment-object-1M-Dendrites.bin,../../../data/RawData-segment-object-1M-Axons.bin,SGrid,3,100,100,7464,0.0103308,441825,1219,416,0.000575779,2205,7380,0.023,0,0.014,0.027,0.022,0.058,0,0.267,0,0,0.053,0.01,86.3813,2862,28.8521,228.484,515,515,0,0.037
dTOUCH,5,8500,8500,../../../data/RawData-segment-object-1M-Dendrites.bin,../../../data/RawData-segment-object-1M-Axons.bin,SGrid,3,100,100,9803,0.0135682,6172126,1071,416,0.000575779,1685,7160,0.028,0,0.004,0.038,0.032,0.03,0,0.212,0,0,0.029,0.006,86,3898,46.9733,345.072,22,22,50,0.044
reTOUCH,5,8500,8500,../../../data/RawData-segment-object-1M-Dendrites.bin,../../../data/RawData-segment-object-1M-Axons.bin,SGrid,3,100,100,5541,0.0076692,461963,1185,416,0.000575779,3940,7174,0.028,0,0.009,0.017,0.015,0.006,0,0.141,0,0,0.005,0.008,98.4733,160,44.9313,-nan,525,525,0,0.025
rereTOUCH,5,8500,8500,../../../data/RawData-segment-object-1M-Dendrites.bin,../../../data/RawData-segment-object-1M-Axons.bin,SGrid,3,100,100,7081,0.00980069,598169,1057,416,0.000575779,3940,7430,0.023,0,0.01,0.025,0.021,0.006,0,0.148,0.002,0,0.004,0.007,183.969,1997,42.9771,185.269,525,525,0,0.032
TOUCH,5,9000,9000,../../../data/RawData-segment-object-1M-Dendrites.bin,../../../data/RawData-segment-object-1M-Axons.bin,SGrid,3,100,100,6822,0.00842222,12179500,1458,500,0.000617284,7293,0,0.026,0,0.005,0.028,0.026,0.029,0,0.181,0,0,0.028,0.002,91.9708,708,12.4599,82.1075,12,12,0,0.03
cTOUCH,5,9000,9000,../../../data/RawData-segment-object-1M-Dendrites.bin,../../../data/RawData-segment-object-1M-Axons.bin,SGrid,3,100,100,10169,0.0125543,411219,1351,500,0.000617284,2421,7729,0.027,0,0.015,0.034,0.031,0.061,0,0.3,0,0,0.056,0.011,90.7749,3868,28.9668,285.629,543,543,0,0.045
dTOUCH,5,9000,9000,../../../data/RawData-segment-object-1M-Dendrites.bin,../../../data/RawData-segment-object-1M-Axons.bin,SGrid,3,100,100,10968,0.0135407,8727380,1339,500,0.000617284,1530,7293,0.027,0,0.004,0.045,0.036,0.032,0,0.232,0,0,0.031,0.009,89.5062,4774,47.2654,403.549,18,18,50,0.054
reTOUCH,5,9000,9000,../../../data/RawData-segment-object-1M-Dendrites.bin,../../../data/RawData-segment-object-1M-Axons.bin,SGrid,3,100,100,6422,0.0079284,447287,1458,500,0.000617284,4306,7657,0.027,0,0.01,0.019,0.018,0.007,0,0.147,0,0,0.005,0.009,98.5401,160,44.0657,-nan,549,549,0,0.028
rereTOUCH,5,9000,9000,../../../data/RawData-segment-object-1M-Dendrites.bin,../../../data/RawData-segment-object-1M-Axons.bin,SGrid,3,100,100,8983,0.0110901,583202,1415,500,0.000617284,4306,7918,0.031,0,0.012,0.031,0.027,0.006,0,0.178,0,0,0.005,0.008,186.131,2050,42.1606,184.494,549,549,0,0.039
TOUCH,5,9500,9500,../../../data/RawData-segment-object-1M-Dendrites.bin,../../../data/RawData-segment-object-1M-Axons.bin,SGrid,3,100,100,9607,0.0106449,12724500,2181,690,0.000764543,7472,0,0.025,0,0.005,0.035,0.032,0.031,0,0.194,0,0,0.03,0.003,88.2759,1060,13.9862,95.0351,18,18,0,0.038
cTOUCH,5,9500,9500,../../../data/RawData-segment-object-1M-Dendrites.bin,../../../data/RawData-segment-object-1M-Axons.bin,SGrid,3,100,100,13124,0.0145418,2056313,1848,690,0.000764543,1709,7514,0.027,0,0.016,0.045,0.039,0.063,0,0.329,0,0,0.059,0.012,89.2361,5414,33.9479,355.762,577,577,0,0.057
dTOUCH,5,9500,9500,../../../data/RawData-segment-object-1M-Dendrites.bin,../../../data/RawData-segment-object-1M-Axons.bin,SGrid,3,100,100,13255,0.014687,9479850,1847,690,0.000764543,1834,7472,0.026,0,0.004,0.051,0.041,0.035,0,0.246,0,0,0.032,0.01,84.3023,4589,46.3314,370.014,28,28,50,0.061
reTOUCH,5,9500,9500,../../../data/RawData-segment-object-1M-Dendrites.bin,../../../data/RawData-segment-object-1M-Axons.bin,SGrid,3,100,100,9100,0.0100831,421572,2218,690,0.000764543,4371,7916,0.026,0,0.01,0.025,0.025,0.007,0,0.156,0,0,0.005,0.008,96.5517,228,46.2966,-nan,581,581,0,0.033
rereTOUCH,5,9500,9500,../../../data/RawData-segment-object-1M-Dendrites.bin,../../../data/RawData-segment-object-1M-Axons.bin,SGrid,3,100,100,11458,0.0126958,358788,1834,690,0.000764543,4371,8651,0.026,0,0.011,0.036,0.035,0.007,0,0.178,0,0,0.005,0.008,175.172,2089,41.2276,185.904,581,581,0,0.044
TOUCH,5,10000,10000,../../../data/RawData-segment-object-1M-Dendrites.bin,../../../data/RawData-segment-object-1M-Axons.bin,SGrid,3,100,100,10185,0.010185,16104000,2218,714,0.000714,8039,0,0.027,0,0.004,0.035,0.032,0.032,0,0.2,0.002,0.001,0.031,0.002,88.8889,1337,12.817,110.304,18,18,0,0.037
cTOUCH,5,10000,10000,../../../data/RawData-segment-object-1M-Dendrites.bin,../../../data/RawData-segment-object-1M-Axons.bin,SGrid,3,100,100,12798,0.012798,1950096,1880,714,0.000714,1962,8066,0.025,0,0.017,0.044,0.038,0.068,0,0.337,0,0,0.063,0.012,89.0728,3937,33.0199,292.645,605,605,0,0.056
dTOUCH,5,10000,10000,../../../data/RawData-segment-object-1M-Dendrites.bin,../../../data/RawData-segment-object-1M-Axons.bin,SGrid,3,100,100,14067,0.014067,10029584,1760,714,0.000714,2018,8039,0.031,0,0.005,0.055,0.045,0.036,0,0.272,0,0,0.036,0.01,84.4444,4886,45.4278,382.563,29,29,50,0.065
reTOUCH,5,10000,10000,../../../data/RawData-segment-object-1M-Dendrites.bin,../../../data/RawData-segment-object-1M-Axons.bin,SGrid,3,100,100,9405,0.009405,427810,2223,714,0.000714,6445,8361,0.027,0,0.011,0.025,0.023,0.006,0,0.156,0.002,0,0.005,0.007,96.732,183,33.9477,-nan,613,613,0,0.032
rereTOUCH,5,10000,10000,../../../data/RawData-segment-object-1M-Dendrites.bin,../../../data/RawData-segment-object-1M-Axons.bin,SGrid,3,100,100,11720,0.01172,340004,1840,714,0.000714,6445,8987,0.025,0,0.012,0.034,0.033,0.007,0,0.171,0,0,0.006,0.006,177.778,869,29.8562,84.8451,613,613,0,0.04
TOUCH,5,10500,10500,../../../data/RawData-segment-object-1M-Dendrites.bin,../../../data/RawData-segment-object-1M-Axons.bin,SGrid,3,100,100,10246,0.00929342,19485100,2229,742,0.000673016,8152,0,0.028,0,0.005,0.035,0.033,0.032,0,0.202,0,0,0.031,0.002,93.7107,1585,14.7673,128.398,11,11,0,0.037
cTOUCH,5,10500,10500,../../../data/RawData-segment-object-1M-Dendrites.bin,../../../data/RawData-segment-object-1M-Axons.bin,SGrid,3,100,100,11531,0.010459,977979,1869,742,0.000673016,1801,8381,0.027,0,0.018,0.041,0.033,0.071,0,0.342,0,0,0.065,0.013,86.0759,5536,34.2342,342.474,633,633,0,0.054
dTOUCH,5,10500,10500,../../../data/RawData-segment-object-1M-Dendrites.bin,../../../data/RawData-segment-object-1M-Axons.bin,SGrid,3,100,100,14295,0.012966,13250152,1708,742,0.000673016,1771,8152,0.029,0,0.005,0.052,0.042,0.037,0,0.26,0,0,0.036,0.01,89.5288,5726,47.2304,429.289,21,21,50,0.062
reTOUCH,5,10500,10500,../../../data/RawData-segment-object-1M-Dendrites.bin,../../../data/RawData-segment-object-1M-Axons.bin,SGrid,3,100,100,9605,0.00871202,433085,2252,742,0.000673016,6314,8742,0.027,0,0.011,0.025,0.023,0.007,0,0.159,0,0,0.006,0.008,98.1132,195,37.3836,-nan,637,637,0,0.033
rereTOUCH,5,10500,10500,../../../data/RawData-segment-object-1M-Dendrites.bin,../../../data/RawData-segment-object-1M-Axons.bin,SGrid,3,100,100,11780,0.0106848,428825,1811,742,0.000673016,6314,9345,0.028,0,0.012,0.034,0.032,0.007,0,0.178,0,0,0.005,0.007,175.472,924,33.5912,102.622,637,637,0,0.041
TOUCH,5,11000,11000,../../../data/RawData-segment-object-1M-Dendrites.bin,../../../data/RawData-segment-object-1M-Axons.bin,SGrid,3,100,100,12039,0.00994959,19617300,2661,909,0.00075124,8576,0,0.029,0,0.005,0.04,0.035,0.033,0,0.216,0,0.001,0.032,0.004,91.6667,1189,14.4286,107.697,15,15,0,0.044
cTOUCH,5,11000,11000,../../../data/RawData-segment-object-1M-Dendrites.bin,../../../data/RawData-segment-object-1M-Axons.bin,SGrid,3,100,100,14163,0.011705,988655,2160,909,0.00075124,1842,9070,0.031,0,0.018,0.047,0.038,0.08,0,0.384,0,0.001,0.074,0.014,91.2651,5600,33.3976,338.343,665,665,0,0.061
dTOUCH,5,11000,11000,../../../data/RawData-segment-object-1M-Dendrites.bin,../../../data/RawData-segment-object-1M-Axons.bin,SGrid,3,100,100,16540,0.0136694,14300825,2043,909,0.00075124,1848,8576,0.032,0,0.005,0.059,0.048,0.042,0,0.292,0,0,0.04,0.011,87.1287,5866,46.6386,427.358,27,27,50,0.07
reTOUCH,5,11000,11000,../../../data/RawData-segment-object-1M-Dendrites.bin,../../../data/RawData-segment-object-1M-Axons.bin,SGrid,3,100,100,11163,0.00922562,689733,2682,909,0.00075124,5563,9015,0.029,0,0.012,0.029,0.028,0.008,0,0.176,0,0,0.006,0.009,97.619,172,44.1786,-nan,673,673,0,0.038
rereTOUCH,5,11000,11000,../../../data/RawData-segment-object-1M-Dendrites.bin,../../../data/RawData-segment-object-1M-Axons.bin,SGrid,3,100,100,15395,0.0127231,708923,2161,909,0.00075124,5563,9253,0.029,0,0.013,0.047,0.044,0.008,0,0.212,0,0,0.006,0.009,175.595,885,42.7619,103.563,673,673,0,0.056
TOUCH,5,11500,11500,../../../data/RawData-segment-object-1M-Dendrites.bin,../../../data/RawData-segment-object-1M-Axons.bin,SGrid,3,100,100,11884,0.00898601,29622800,2605,1004,0.000759168,8386,0,0.035,0,0.005,0.041,0.038,0.037,0,0.239,0,0,0.036,0.003,93.1429,2259,17.7943,172.858,13,13,0,0.044
cTOUCH,5,11500,11500,../../../data/RawData-segment-object-1M-Dendrites.bin,../../../data/RawData-segment-object-1M-Axons.bin,SGrid,3,100,100,15159,0.0114624,9146094,2343,1004,0.000759168,1757,8118,0.031,0,0.02,0.058,0.047,0.078,0,0.41,0,0,0.071,0.016,91.6185,4169,37.9335,336.476,693,693,0,0.074
dTOUCH,5,11500,11500,../../../data/RawData-segment-object-1M-Dendrites.bin,../../../data/RawData-segment-object-1M-Axons.bin,SGrid,3,100,100,17781,0.013445,20224257,2267,1004,0.000759168,1787,8386,0.03,0,0.006,0.064,0.05,0.044,0,0.308,0.002,0,0.042,0.012,88.7387,5734,44.6126,406.727,26,26,50,0.076
reTOUCH,5,11500,11500,../../../data/RawData-segment-object-1M-Dendrites.bin,../../../data/RawData-segment-object-1M-Axons.bin,SGrid,3,100,100,10333,0.00781323,596617,2627,1004,0.000759168,6536,9201,0.031,0,0.012,0.029,0.026,0.01,0,0.189,0,0,0.008,0.011,98.2857,246,41.5029,-nan,701,701,0,0.04
rereTOUCH,5,11500,11500,../../../data/RawData-segment-object-1M-Dendrites.bin,../../../data/RawData-segment-object-1M-Axons.bin,SGrid,3,100,100,14151,0.0107002,655562,2444,1004,0.000759168,6536,9446,0.031,0.001,0.014,0.044,0.04,0.009,0,0.219,0,0,0.007,0.01,172.571,627,40.1029,80.4912,701,701,0,0.054
TOUCH,5,12000,12000,../../../data/RawData-segment-object-1M-Dendrites.bin,../../../data/RawData-segment-object-1M-Axons.bin,SGrid,3,100,100,13210,0.00917361,38278200,2118,1020,0.000708333,7883,0,0.035,0,0.006,0.046,0.041,0.037,0,0.25,0,0,0.036,0.005,92.8571,2673,22.6209,211.63,14,14,0,0.051
cTOUCH,5,12000,12000,../../../data/RawData-segment-object-1M-Dendrites.bin,../../../data/RawData-segment-object-1M-Axons.bin,SGrid,3,100,100,16690,0.0115903,13549866,2328,1020,0.000708333,1717,7292,0.037,0.001,0.022,0.067,0.052,0.086,0,0.463,0,0,0.079,0.018,91.1111,5923,41.6417,433.336,721,721,0,0.085
dTOUCH,5,12000,12000,../../../data/RawData-segment-object-1M-Dendrites.bin,../../../data/RawData-segment-object-1M-Axons.bin,SGrid,3,100,100,18211,0.0126465,30897620,2242,1020,0.000708333,1740,7883,0.034,0,0.006,0.065,0.055,0.047,0,0.327,0.002,0,0.046,0.009,90.1639,7360,42.9098,481.347,25,25,50,0.074
reTOUCH,5,12000,12000,../../../data/RawData-segment-object-1M-Dendrites.bin,../../../data/RawData-segment-object-1M-Axons.bin,SGrid,3,100,100,12184,0.00846111,1004995,2116,1020,0.000708333,5719,8898,0.032,0,0.013,0.035,0.031,0.009,0,0.206,0,0,0.008,0.011,97.2527,211,51.5549,-nan,729,729,0,0.046
rereTOUCH,5,12000,12000,../../../data/RawData-segment-object-1M-Dendrites.bin,../../../data/RawData-segment-object-1M-Axons.bin,SGrid,3,100,100,15559,0.0108049,952443,2193,1020,0.000708333,5719,9480,0.031,0,0.015,0.05,0.048,0.008,0,0.234,0.001,0,0.006,0.011,171.429,535,48.3571,87.5231,729,729,0,0.061
TOUCH,5,12500,12500,../../../data/RawData-segment-object-1M-Dendrites.bin,../../../data/RawData-segment-object-1M-Axons.bin,SGrid,3,100,100,13053,0.00835392,40652000,2281,1026,0.00065664,8496,0,0.035,0,0.006,0.045,0.039,0.042,0,0.258,0,0,0.04,0.006,91.5344,2856,21.1852,212.389,17,17,0,0.051
cTOUCH,5,12500,12500,../../../data/RawData-segment-object-1M-Dendrites.bin,../../../data/RawData-segment-object-1M-Axons.bin,SGrid,3,100,100,17269,0.0110522,5746080,2300,1026,0.00065664,1769,8844,0.039,0,0.023,0.063,0.054,0.087,0,0.464,0.002,0,0.081,0.017,90.5013,7632,37.9604,417.167,759,759,0,0.08
dTOUCH,5,12500,12500,../../../data/RawData-segment-object-1M-Dendrites.bin,../../../data/RawData-segment-object-1M-Axons.bin,SGrid,3,100,100,18543,0.0118675,22245468,2348,1026,0.00065664,2295,8496,0.033,0,0.006,0.068,0.056,0.051,0,0.334,0,0,0.049,0.01,87.0968,5876,42.3065,392.655,33,33,50,0.078
reTOUCH,5,12500,12500,../../../data/RawData-segment-object-1M-Dendrites.bin,../../../data/RawData-segment-object-1M-Axons.bin,SGrid,3,100,100,12001,0.00768064,1181365,2285,1026,0.00065664,5188,9264,0.033,0,0.014,0.036,0.033,0.008,0,0.211,0,0,0.006,0.013,96.8254,291,55.8095,-nan,757,757,0,0.049
rereTOUCH,5,12500,12500,../../../data/RawData-segment-object-1M-Dendrites.bin,../../../data/RawData-segment-object-1M-Axons.bin,SGrid,3,100,100,14874,0.00951936,1235229,2355,1026,0.00065664,5188,9727,0.033,0,0.016,0.052,0.042,0.009,0,0.249,0,0,0.007,0.012,169.312,812,53.3598,109.956,757,757,0,0.064
TOUCH,5,13000,13000,../../../data/RawData-segment-object-1M-Dendrites.bin,../../../data/RawData-segment-object-1M-Axons.bin,SGrid,3,100,100,13434,0.00794911,44952900,2308,1044,0.000617751,8733,0,0.04,0,0.006,0.046,0.039,0.041,0,0.271,0,0,0.039,0.007,91.8782,3176,21.6599,229.032,17,17,0,0.053
cTOUCH,5,13000,13000,../../../data/RawData-segment-object-1M-Dendrites.bin,../../../data/RawData-segment-object-1M-Axons.bin,SGrid,3,100,100,18437,0.0109095,17313385,2441,1044,0.000617751,1809,8355,0.035,0,0.025,0.072,0.059,0.092,0,0.49,0,0,0.084,0.02,90.0763,7243,40.2952,415.135,787,787,0,0.092
dTOUCH,5,13000,13000,../../../data/RawData-segment-object-1M-Dendrites.bin,../../../data/RawData-segment-object-1M-Axons.bin,SGrid,3,100,100,18970,0.0112249,34208318,2386,1044,0.000617751,1793,8733,0.035,0,0.007,0.07,0.057,0.054,0,0.355,0,0,0.052,0.012,89.1892,7534,44.4517,482.775,29,29,50,0.082
reTOUCH,5,13000,13000,../../../data/RawData-segment-object-1M-Dendrites.bin,../../../data/RawData-segment-object-1M-Axons.bin,SGrid,3,100,100,12449,0.00736627,1308610,2308,1044,0.000617751,5813,9647,0.034,0,0.015,0.037,0.033,0.009,0,0.218,0.002,0,0.007,0.013,95.4315,264,53.5025,-nan,789,789,0,0.05
rereTOUCH,5,13000,13000,../../../data/RawData-segment-object-1M-Dendrites.bin,../../../data/RawData-segment-object-1M-Axons.bin,SGrid,3,100,100,15458,0.00914675,1215401,2447,1044,0.000617751,5813,10165,0.033,0,0.017,0.052,0.048,0.009,0,0.252,0.002,0,0.007,0.013,171.574,636,50.8731,99.4078,789,789,0,0.065
TOUCH,5,13500,13500,../../../data/RawData-segment-object-1M-Dendrites.bin,../../../data/RawData-segment-object-1M-Axons.bin,SGrid,3,100,100,15013,0.00823759,35820000,2429,1097,0.00060192,9578,0,0.035,0,0.006,0.048,0.043,0.045,0,0.273,0.002,0.001,0.043,0.004,91.133,2123,19.3202,169.001,19,19,0,0.052
cTOUCH,5,13500,13500,../../../data/RawData-segment-object-1M-Dendrites.bin,../../../data/RawData-segment-object-1M-Axons.bin,SGrid,3,100,100,23262,0.0127638,16916704,2613,1097,0.00060192,1874,8889,0.04,0,0.026,0.084,0.073,0.096,0,0.537,0,0,0.09,0.02,88.2064,7434,39.8943,419.506,815,815,0,0.104
dTOUCH,5,13500,13500,../../../data/RawData-segment-object-1M-Dendrites.bin,../../../data/RawData-segment-object-1M-Axons.bin,SGrid,3,100,100,23161,0.0127084,26224496,2455,1097,0.00060192,1964,9578,0.036,0,0.007,0.081,0.067,0.056,0,0.381,0,0,0.054,0.013,87.5969,6149,46.1318,417.519,33,33,50,0.094
reTOUCH,5,13500,13500,../../../data/RawData-segment-object-1M-Dendrites.bin,../../../data/RawData-segment-object-1M-Axons.bin,SGrid,3,100,100,13856,0.00760274,1892116,2434,1097,0.00060192,4137,9838,0.035,0,0.015,0.041,0.039,0.01,0,0.24,0.002,0,0.009,0.018,97.0443,341,64.1626,-nan,813,813,0,0.059
rereTOUCH,5,13500,13500,../../../data/RawData-segment-object-1M-Dendrites.bin,../../../data/RawData-segment-object-1M-Axons.bin,SGrid,3,100,100,18740,0.0102826,2023602,2424,1097,0.00060192,4137,10240,0.034,0,0.017,0.065,0.054,0.009,0,0.285,0,0,0.006,0.015,174.384,760,62.1823,128.112,813,813,0,0.08
TOUCH,5,14000,14000,../../../data/RawData-segment-object-1M-Dendrites.bin,../../../data/RawData-segment-object-1M-Axons.bin,SGrid,3,100,100,16984,0.00866531,52384700,2866,1235,0.000630102,8927,0,0.036,0,0.007,0.055,0.048,0.045,0,0.287,0,0,0.043,0.007,94.8113,2864,23.9292,225.83,12,12,0,0.062
cTOUCH,5,14000,14000,../../../data/RawData-segment-object-1M-Dendrites.bin,../../../data/RawData-segment-object-1M-Axons.bin,SGrid,3,100,100,25892,0.0132102,15965705,2871,1235,0.000630102,1497,9588,0.036,0,0.026,0.084,0.072,0.095,0,0.526,0.002,0,0.088,0.02,91.7453,8059,39.8939,471.568,849,849,0,0.104
dTOUCH,5,14000,14000,../../../data/RawData-segment-object-1M-Dendrites.bin,../../../data/RawData-segment-object-1M-Axons.bin,SGrid,3,100,100,25875,0.0132015,30471428,2864,1235,0.000630102,2666,8927,0.036,0,0.008,0.09,0.077,0.061,0,0.415,0.002,0,0.059,0.012,89.8246,3677,40.7474,296.193,30,30,50,0.102
reTOUCH,5,14000,14000,../../../data/RawData-segment-object-1M-Dendrites.bin,../../../data/RawData-segment-object-1M-Axons.bin,SGrid,3,100,100,15868,0.00809592,1918413,2866,1235,0.000630102,4900,10201,0.038,0,0.017,0.05,0.046,0.01,0,0.265,0,0,0.008,0.016,95.283,347,60.8443,-nan,849,849,0,0.066
rereTOUCH,5,14000,14000,../../../data/RawData-segment-object-1M-Dendrites.bin,../../../data/RawData-segment-object-1M-Axons.bin,SGrid,3,100,100,19678,0.0100398,2003350,2803,1235,0.000630102,4900,10647,0.036,0,0.019,0.069,0.063,0.01,0,0.304,0.002,0,0.008,0.016,171.698,726,58.7406,114.891,849,849,0,0.085
TOUCH,5,14500,14500,../../../data/RawData-segment-object-1M-Dendrites.bin,../../../data/RawData-segment-object-1M-Axons.bin,SGrid,3,100,100,17613,0.00837717,54624800,2975,1283,0.000610226,9431,0,0.037,0,0.007,0.059,0.05,0.047,0,0.302,0,0,0.046,0.009,96.3636,2864,23.0409,221.733,9,9,0,0.068
cTOUCH,5,14500,14500,../../../data/RawData-segment-object-1M-Dendrites.bin,../../../data/RawData-segment-object-1M-Axons.bin,SGrid,3,100,100,25692,0.0122197,12200412,2975,1283,0.000610226,1875,9237,0.042,0,0.027,0.092,0.078,0.106,0,0.586,0,0,0.097,0.023,89.4977,8489,40.8402,460.817,877,877,0,0.115
dTOUCH,5,14500,14500,../../../data/RawData-segment-object-1M-Dendrites.bin,../../../data/RawData-segment-object-1M-Axons.bin,SGrid,3,100,100,26315,0.0125161,44700649,2941,1283,0.000610226,2378,9431,0.042,0,0.007,0.099,0.082,0.059,0,0.44,0,0,0.057,0.017,91.5254,8406,42,500.616,26,26,50,0.116
reTOUCH,5,14500,14500,../../../data/RawData-segment-object-1M-Dendrites.bin,../../../data/RawData-segment-object-1M-Axons.bin,SGrid,3,100,100,16340,0.0077717,1740016,2940,1283,0.000610226,4913,10603,0.038,0,0.016,0.05,0.05,0.011,0,0.267,0,0.001,0.009,0.016,96.8182,281,61.2909,-nan,881,881,0,0.066
rereTOUCH,5,14500,14500,../../../data/RawData-segment-object-1M-Dendrites.bin,../../../data/RawData-segment-object-1M-Axons.bin,SGrid,3,100,100,20086,0.00955339,1703521,3007,1283,0.000610226,4913,11120,0.04,0,0.019,0.072,0.066,0.011,0,0.32,0.002,0,0.008,0.016,174.091,691,58.9409,116.845,881,881,0,0.088
TOUCH,5,15000,15000,../../../data/RawData-segment-object-1M-Dendrites.bin,../../../data/RawData-segment-object-1M-Axons.bin,SGrid,3,100,100,19705,0.00875778,78398200,3058,1332,0.000592,9236,0,0.04,0,0.007,0.063,0.055,0.05,0,0.322,0,0,0.048,0.008,95.1327,5046,25.5044,335.656,12,12,0,0.071
cTOUCH,5,15000,15000,../../../data/RawData-segment-object-1M-Dendrites.bin,../../../data/RawData-segment-object-1M-Axons.bin,SGrid,3,100,100,25277,0.0112342,8849576,3034,1332,0.000592,1825,10867,0.044,0,0.026,0.089,0.076,0.11,0,0.584,0.002,0.001,0.103,0.02,92.053,11967,38.2075,581.11,907,907,0,0.109
dTOUCH,5,15000,15000,../../../data/RawData-segment-object-1M-Dendrites.bin,../../../data/RawData-segment-object-1M-Axons.bin,SGrid,3,100,100,27475,0.0122111,64195861,3088,1332,0.000592,1791,9236,0.043,0,0.007,0.099,0.085,0.065,0,0.46,0,0.001,0.063,0.014,93.8907,10319,43.582,599.765,20,20,50,0.113
reTOUCH,5,15000,15000,../../../data/RawData-segment-object-1M-Dendrites.bin,../../../data/RawData-segment-object-1M-Axons.bin,SGrid,3,100,100,17070,0.00758667,1890743,2996,1332,0.000592,5843,10946,0.038,0,0.018,0.051,0.049,0.011,0,0.273,0.002,0,0.009,0.016,96.9027,380,58.4558,-nan,905,905,0,0.067
rereTOUCH,5,15000,15000,../../../data/RawData-segment-object-1M-Dendrites.bin,../../../data/RawData-segment-object-1M-Axons.bin,SGrid,3,100,100,21714,0.00965067,1977963,3023,1332,0.000592,5843,11815,0.039,0,0.019,0.071,0.061,0.011,0,0.311,0,0,0.008,0.015,173.009,952,54.6106,124.465,905,905,0,0.086
